Product,Category,Price
Flip Starter Set Special, Cameras ,239.99
Flip Starter Set, Cameras ,229.99
Flip Travel Set, Cameras ,269.99
Flip Instant Camera, Cameras ,219.99
I-2 Starter Set, Cameras ,614.99
I-2 Instant Camera, Cameras ,599.99
I-2 Travel Set, Cameras ,649.99
Now+ Generation 3 Starter Set, Cameras ,164.99
Now+ Generation 3 Travel Set, Cameras ,189.99
Now+ Generation 3 Spectrum Set, Cameras ,169.99
Now+ Instant Camera Generation 3, Cameras ,149.99
Now Generation 3 Starter Set, Cameras ,144.99
Now Generation 3 Travel Set, Cameras ,169.99
Now Generation 3 Spectrum Set, Cameras ,149.99
Now Instant Camera Generation 3, Cameras ,129.99
Now Instant Camera Gen 3 - Thrasher Edition (partnership), Cameras ,149.99
Now Generation 3 Travel Set Special, Cameras ,179.99
Now Generation 3 Starter Set - Thrasher Edition, Cameras ,164.99
Go Generation 2 Gradient Set, Cameras ,109.99
Go Generation 2 Starter Set, Cameras ,104.99
Go Generation 2 Travel Set, Cameras ,134.99
Go Instant Camera Generation 2, Cameras ,89.99
Color I-Type Film, Instant Film ,18.99
B&W I-Type Film, Instant Film ,18.99
Color I-Type Black Frame Film, Instant Film ,19.99
Purple 600 Film, Instant Film ,18.99
Color 600 Film, Instant Film ,20.99
B&W 600 Film, Instant Film ,20.99
Color 600 Round Frame Film, Instant Film ,22.99
Color SX-70 Film, Instant Film ,21.99
MiNT SX-70 Lens & Color 600 Film Set, Instant Film ,104.99
MiNT SX-70 Lens & B&W 600 Film Set, Instant Film ,104.99
MiNT SX-70 Lens & Color 600 Round Frame Film Set, Instant Film ,109.99
Go Color Film Double Pack - Gradient Frames, Instant Film ,23.99
Go Color Film Double Pack, Instant Film ,21.99
Go Film Variety Pack, Instant Film ,64.99
HI-Print 3x3 Starter Set, Printers ,134.99
HI-Print 3x3 Photo Printer, Printers ,119.99
HI-Print 3x3 Starter Set Special, Printers ,149.99
HI Print 2x3 Gen 2 Starter Set, Printers ,119.99
HI Print 2x3 Travel Set, Printers ,139.99
HI Print 2x3 Gen 2 Pocket Photo Printer, Printers ,109.99
HI Print 4x6 Photo Printer, Printers ,149.99
Lab Starter Set, Printers ,154.99
Lab Instant Printer, Printers ,139.99
Premium Shoulder Strap, Camera Accessories ,34.99
Go Adjustable Camera Strap, Camera Accessories ,17.99
Camera Flat Strap, Camera Accessories ,14.99
Shoulder Strap, Camera Accessories ,24.99
Go Wrist Strap, Camera Accessories ,9.99
Camera Strap - Rainbow, Camera Accessories ,9.99
Go Camera Clip, Camera Accessories ,10.99
Spectrum Box Camera Bag, Camera Accessories ,39.99
All Weather Sling Bag, Camera Accessories ,44.99
Now Spectrum Camera Bag, Camera Accessories ,29.99
Go Camera Bag, Camera Accessories ,34.99
Box Camera Bag - White, Camera Accessories ,36.99
Now Camera Bag, Camera Accessories ,24.99
Go Photo Tag, Camera Accessories ,14.99
Go Acryllic Multiframe, Camera Accessories ,9.99
Go Pocket Photo Album, Camera Accessories ,17.99
Go Camera Bag, Camera Accessories ,34.99
Go Camera Clip, Camera Accessories ,10.99
Go Adjustable Camera Strap, Camera Accessories ,17.99
Go Wrist Strap, Camera Accessories ,9.99
Now & Now+ Filter Set, Camera Accessories ,19.99